,id,Mrs,Ms,Hc,Xhf,Q,Qeff,MrsMs
0,2022cb0101,1.3233240135796085e-05,0.0001148552970889882,0.0034670261698134253,1.863626176065263e-05,4.973489271318815,4.713143629032235,0.11521662884684512
1,2022cb0103,1.1390319294030026e-05,0.000104179427138602,0.004386621118895095,1.880765327760773e-05,4.556925696902784,4.242220018129794,0.1093336717898838
2,2022eg0102,2.5072902436419734e-05,0.00020278406518997472,0.0066779331367525785,3.769854816284253e-05,4.613936809214823,4.274567963938346,0.12364335636003067
3,2022eg0203,2.1618422811747204e-05,0.0002229319434189376,0.007159979101554689,2.6487542938477962e-05,4.535557917509622,4.34152889832687,0.09697319495897225
4,2023pr01-suspended-silt,8.177911248223463e-07,4.869627116490057e-06,0.010628825455244018,1.1202051967239032e-08,5.432576291565996,5.136164559703785,0.167937114127908
5,2023pr01_bed_sediment,9.595095393265426e-06,6.592565893114904e-05,0.007943683569557769,1.1405369898024801e-05,5.214535247952692,5.011629097846653,0.14554417125032124
6,2023pr02_bed_sediment,1.3285506832718189e-05,8.325644973546459e-05,0.009673834401553338,1.4424206221491848e-05,5.753458609312003,5.584025572394443,0.1595733048302081
7,combay01,5.358435746633119e-06,9.9955069912804e-05,0.002603778554400084,1.602890112239969e-05,4.419636233744156,4.440069520177957,0.053608443786869055
